text,sentiment
This is the best online clothing store! My order arrived in two days and the quality is outstanding. The dress fits like it was made for me.,positive
I am absolutely in love with the sweater I bought. It is so soft and the color is even more beautiful in person. 10/10 will shop here again!,positive
Five stars! The customer service team was incredibly helpful when I needed to exchange a size. The process was fast and so easy. Highly recommend.,positive
Wow! The quality for the price is just unbeatable. I bought a pair of jeans and they are my new favorite. So comfortable and stylish.,positive
My package arrived beautifully wrapped and the items inside were perfect. You can tell they really care about the details. A fantastic shopping experience.,positive
"I was hesitant to order shoes online, but these boots are perfect. They are true to size, comfortable right out of the box, and look amazing.",positive
"This shop has the best selection of unique pieces. I always find something I love that I can't find anywhere else. Plus, shipping is always quick.",positive
"The linen shirt I purchased is a dream. It's lightweight, breathable, and the craftsmanship is top-notch. Worth every penny.",positive
I'm obsessed with the jacket I got. It's the perfect transitional piece for fall. The fit is incredibly flattering and it feels very high-end.,positive
"Finally, a store with accurate sizing charts! Everything I ordered fit perfectly. I am so happy and will be a returning customer for sure.",positive
The t-shirts are so soft and durable. They wash really well without losing their shape or color. A high-quality basic that everyone needs.,positive
I bought a dress for a wedding and received so many compliments. It was stunning and made me feel so confident. Thank you!,positive
"This is my go-to store for workwear. The blouses are professional, stylish, and comfortable enough for all-day wear.",positive
The sale section is amazing! I got three high-quality items for the price of one. Such a great deal.,positive
The website is so easy to navigate and the photos are very accurate. What you see is exactly what you get. A trustworthy shop.,positive
I love the sustainable and ethical focus of this brand. It feels good to buy clothes from a company that aligns with my values.,positive
"The coat I bought is so warm and cozy, but still lightweight. It's perfect for winter. I'm extremely satisfied with my purchase.",positive
Their loyalty program is actually worth it. I just got a huge discount on my latest order. It pays to be a repeat customer!,positive
The activewear is fantastic. The leggings are squat-proof and the sports bra is supportive but comfortable. Great for my workouts.,positive
"I love the packaging! It was all recyclable and minimal, but still protected the clothes perfectly. Great job on the sustainability front.",positive
The swimsuit fits perfectly and is so flattering. The material is thick and feels very premium. I can't wait to wear it on vacation.,positive
"This store never disappoints. Consistent quality, fast shipping, and on-trend styles. It's my favorite place to shop online.",positive
The leather belt I ordered is beautiful. You can smell the genuine leather and the hardware is heavy and solid. A truly quality accessory.,positive
"I had an issue with a discount code and the online chat support fixed it for me in seconds. Wonderful, efficient service!",positive
"The fit of these pants is incredible. As a tall person, it's hard to find pants long enough, but these are perfect. So, so happy!",positive
"The material of this dress is amazing. It doesn't wrinkle at all, which is perfect for travelling. I'm going to buy it in more colors.",positive
This is the only place I buy my jeans from now on. The fit is consistent across all styles and they last forever.,positive
My order was shipped within an hour of me placing it. I've never seen such fast processing. Incredible!,positive
The blouse is gorgeous. The embroidered details are so intricate and well-done. It looks much more expensive than it was.,positive
"The 'new arrivals' section is always exciting. This store is on top of the latest trends, and the pieces are wearable and well-made.",positive
The silk scarf is luxurious. The print is vibrant and the silk is so soft. It was the perfect gift.,positive
I appreciate that the models on the website are diverse in body type. It really helped me visualize how the clothes would fit me.,positive
The quality of the stitching and seams on my blazer is immaculate. This is a garment that is clearly built to last.,positive
This hoodie is the definition of comfort. I've been living in it since it arrived. The fleece lining is so soft.,positive
"A perfect shopping experience from start to finish. Easy ordering, fast shipping, beautiful product. What more could you ask for?",positive
The colours in the collection are just stunning. I bought a mustard yellow cardigan and it brightens up my whole wardrobe.,positive
This store has the best basics. The tank tops and t-shirts are perfect for layering and hold up so well.,positive
I took a risk on a 'final sale' item and it paid off! The skirt is perfect and I got it for an absolute steal.,positive
The return policy is so fair and easy. I bought two sizes to try and returning the one that didn't fit was completely hassle-free.,positive
"I'm a customer for life. This store just gets it right every single time. Quality, style, and service are always on point.",positive
"The tote bag I bought is spacious, stylish, and sturdy. I carry it every day and people keep asking where I got it.",positive
I finally found my favourite pair of leggings. They hug in all the right places and don‚Äôt roll down during my workout.,positive
The summer dress I ordered has held up great. The colours didn‚Äôt fade despite constant wear and washing. Impressed!,positive
The knit pullover is unexpectedly warm despite being lightweight. Great for layering without feeling bulky.,positive
"Ordering from overseas was seamless ‚Äî customs were clearly explained, shipping was tracked, and the package arrived early.",positive
The denim jacket is classic yet modern. I get compliments every time I wear it and it goes with absolutely everything.,positive
"The rings of hardware on the bag are solid and shiny, the leather strap feels premium. This company knows accessories.",positive
Customer support actually followed up after delivery to check if I was satisfied. That level of care is rare.,positive
The print on the blouse came out exactly as pictured; no weird colour shifts or unexpected texture. So glad!,positive
I'm very petite and often struggle with fit ‚Äî this store‚Äôs petite line fits me like it was made for me. A huge win.,positive
"The shorts I bought for vacation were ideal ‚Äî cute, comfortable, they packed well and travelled great.",positive
"The maxi dress flows beautifully, the material feels luxe, and the waistline is flattering. I feel confident wearing it.",positive
I admire that this brand offers extended sizing easily and without drama. The inclusive sizing makes shopping fun again.,positive
The sandals I got are stylish yet comfortable enough to walk in all day ‚Äî rare find. I highly recommend these.,positive
I ordered a statement coat and it arrived looking exactly like the photos. The fit is spot on and it‚Äôs become my favourite outerwear piece.,positive
The collection colours reflect current trends but still feel timeless. I found pieces I‚Äôll keep wearing next season too.,positive
I‚Äôm so impressed by how seamless the live chat was ‚Äî I got an answer instantly about sizing and ordered without worry.,positive
I bought a ribbed knit dress and it holds its shape beautifully even after many wears and washes. Love it!,positive
The jewellery I ordered arrived with a little polishing cloth and everything ‚Äî thoughtful touches like that make a difference.,positive
The travel blazer I got is wrinkle-resistant and fits perfectly into my carry-on. Ideal for work trips.,positive
I found a vintage-inspired piece here that nobody else in my circle had ‚Äî I get compliments every time. Love discovering this brand.,positive
The fabric weight on the winter parka is premium ‚Äî warm yet not bulky. I live in it when it gets cold.,positive
The return shipping label was included for free and that made me trust the brand even more. Great transparency.,positive
I love that this store clearly states which factories they work with and shows behind-the-scenes. Feels like a brand I can believe in.,positive
The fit and flare dress I ordered accentuates my shape perfectly without being clingy. One of the best fits I‚Äôve had online.,positive
The baby pink blazer I bought looks like something I‚Äôd expect to see in a boutique twice the price. Incredible value.,positive
This store truly listens to customers ‚Äî I suggested a colour and they released it within months. That responsiveness is amazing.,positive
"I bought a hoodie for my husband as a gift, and he said it's ‚Äúthe softest hoodie ever.‚Äù Now we both shop here.",positive
The boots arrived with a handwritten thank-you note and the leather smell still makes me smile. Small touches add huge value.,positive
"The linen trousers I ordered were cut beautifully, travel friendly, and didn‚Äôt wrinkle on the plane. A solid find.",positive
Everything from checkout to delivery to packaging feels premium. I‚Äôm impressed at how this store treats the customer.,positive
I discovered a new brand through this site and I already recommended it to three friends. That‚Äôs how good it is.,positive
"My daughter‚Äôs dress arrived early, exactly as advertised, and she loved it. A shopper happy with the whole family experience!",positive
The colour-matching tool on the website helped me pick the right shade and it looked exactly like it when it arrived. That accuracy made me confident.,positive
"The wool-blend coat fit perfectly over my blazer, yet still looked sleek and tailored. Great layering piece.",positive
I don‚Äôt often write reviews but I had to for this one ‚Äî top notch all around. You‚Äôre doing it right!,positive
"The sneakers I got are comfortable, stylish and I‚Äôve had zero break-in issues. They look new even after weeks of wear.",positive
This brand knows how to do ‚Äúaffordable luxury‚Äù. I feel like I‚Äôve upgraded my wardrobe without breaking the bank.,positive
The cropped blazer I purchased fits like a glove and the sleeves hit perfectly at my wrist ‚Äî no alterations needed.,positive
"The swimwear held up beautifully all summer; no sagging, no fading, no regrets. I‚Äôll be back next year for more.",positive
I picked up a faux-fur coat on sale and it looks and feels real ‚Äî styling it has become a treat. Highly pleased.,positive
"The travel bag that came as part of the bundle is well made, zipped smoothly, and feels far superior to other ‚Äúfree gifts‚Äù I‚Äôve seen.",positive
The quality control seems great ‚Äî every piece I‚Äôve received has been flawless. That consistency is rare and appreciated.,positive
"I finally found a bra that fits, looks chic and doesn‚Äôt pinch. My search is over thanks to this store.",positive
"This top is now my go-to layering piece ‚Äî the neckline, the length, the fit; perfectly thought out. Well done.",positive
"My order of three items arrived in one package, no mess of multiple shipments. That simple convenience means a lot.",positive
The matte finish hardware on the handbag looks designer-level and the stitching is neat and even. I‚Äôm seriously impressed.,positive
"I got a complimentary accessory with my order, and it was actually useful and high quality. Such a nice surprise!",positive
The online size quiz was spot on. Everything fits perfectly based on my answers.,positive
I love how often they refresh their collections. There‚Äôs always something new to look forward to.,positive
The colours stayed vibrant even after multiple washes. That‚Äôs a sign of real quality.,positive
"The brand‚Äôs social media is inspiring, and the products live up to the hype.",positive
I was nervous to buy a blazer online but it fits like it was tailored. Couldn‚Äôt be happier.,positive
I got free express shipping for signing up for their newsletter and my order came in 24 hours. Amazing deal.,positive
I was surprised by how fast the delivery was‚Äîcame earlier than expected!,positive
"The fabric feels so premium, honestly better than what I paid for.",positive
"Sizing was spot on, and the color didn‚Äôt fade after washing. Love it!",positive
Customer service was super helpful when I had a question about my order.,positive
The jacket I bought is now my favorite piece in my closet.,positive
"I‚Äôve ordered multiple times already, and every experience has been smooth.",positive
"Super satisfied! The fabric is soft and breathable, perfect for everyday wear. It looks exactly like the picture. I‚Äôll definitely order again soon!",positive
"I was surprised by the quality! The stitching is neat, and it fits me perfectly. Fast shipping too ‚Äî received it earlier than expected!",positive
"I love it! The color didn‚Äôt fade after washing, and it‚Äôs comfortable to wear the whole day. Highly recommended shop üíñ",positive
Nice quality for the price. It‚Äôs not too thin and not too thick ‚Äî just right. I got lots of compliments when I wore it!,positive
"This is my second purchase and still very satisfied. Seller is responsive, packaging was neat, and item smells clean.",positive
"Great product! I was worried it wouldn‚Äôt fit, but it‚Äôs true to size. The fabric feels premium and doesn‚Äôt wrinkle easily.",positive
"Worth the money! Looks elegant and stylish. Just a bit loose on me, but nothing a small adjustment can‚Äôt fix.",positive
Everything about this item is perfect! From the design to the comfort ‚Äî exceeded my expectations. Will recommend to my friends!,positive
I like it! It‚Äôs comfy and the size guide was accurate. Shipping took a few days but still okay considering the quality.,positive
"The best purchase I‚Äôve made this month! Material is cool and light, ideal for hot weather. Thank you, seller!",positive
Quality is superb for the price! The packaging was also nice and secure. Definitely buying again!,positive
It looks amazing! The colors are vibrant and the fabric feels high-end. Exactly as described.,positive
Super comfy and fits really well. I wore it the whole day and didn‚Äôt feel hot at all!,positive
I‚Äôve ordered from this shop multiple times and they never disappoint. Consistent quality and fast delivery.,positive
Arrived early! It looks even better in person. The material is smooth and stretchable.,positive
Really impressed! I didn‚Äôt expect it to look this good. True to size and flattering fit.,positive
Beautiful piece! Perfect for casual and semi-formal occasions. Love the minimalist style.,positive
Thank you for the freebie! The shirt feels soft and premium. Highly recommended seller!,positive
"The material is thick and comfy, feels durable. Definitely exceeded my expectations.",positive
"Perfect fit, fast shipping, and great quality. One of my favorite online purchases so far!",positive
My New Go-To Store! Absolutely in love with this shop! The quality of the linen trousers I bought is exceptional.,positive
Perfect Fit and Style. I finally found a place that carries jeans that actually fit my body type! The staff was so helpful.,positive
"Amazing Quality & Fair Prices. I'm so impressed. The fabrics feel high-end, but the prices are very reasonable.",positive
Great for Unique Finds. This isn't your average high-street store. I always find unique pieces here that I don't see anyone else wearing.,positive
"Stellar Customer Service. Had an issue with a sizing online, and the customer service team was incredibly kind and resolved it immediately.",positive
"Clothes That Last. I've had a blazer from here for over two years, and it still looks brand new. The stitching and material are clearly made to last.",positive
"Wonderful In-Store Experience. The store is beautifully laid out and easy to shop in. The music is pleasant, and the staff are present but not pushy.",positive
"Perfect Gift Destination. Bought a beautiful silk scarf for my mom, and she adored it. The gift wrapping was a lovely, free touch.",positive
"Fast Shipping! I ordered a dress for a last-minute event, and it arrived in two days! It was perfectly packaged and exactly as described.",positive
Inclusive Sizing. It's so refreshing to find a stylish store that carries a wide range of sizes. I found gorgeous clothes that actually fit.,positive
"Trendy and Fashion-Forward. Their collections are always on point with the latest trends, but in a wearable way. I get compliments every time I wear their pieces.",positive
"Comfort is Key. Finally, a brand that doesn't sacrifice comfort for style. Their clothes are soft, move with you, and feel great all day.",positive
Ethical and Transparent. I love that they are committed to sustainable practices and ethical manufacturing. It makes me feel good about my purchase.,positive
Loyalty Program is Worth It. The points and rewards system is fantastic. I've earned several discounts and early access to sales.,positive
"Perfect for Workwear. Found my entire new work wardrobe here. The blouses and trousers are professional, polished, and incredibly comfortable.",positive
Great Sales and Discounts. The seasonal sales are amazing! I've snagged some incredible deals on high-quality items.,positive
"They Nailed the Basics. Their basic t-shirts and tanks are the best I've ever owned. Thick material, doesn't shrink, and holds its shape.",positive
Attention to Detail. You can tell the designers care. The little details like unique buttons or perfectly placed seams make all the difference.,positive
"Easy and Intuitive Website. Shopping online was a breeze. The filters worked perfectly, and the product recommendations were spot-on.",positive
Always Finding Something New. I pop in every few weeks and there's always new stock. It keeps me coming back!,positive
"Perfect for All Seasons. Their winter coats are incredibly warm, and their summer dresses are light and breezy. A truly versatile shop.",positive
My Happy Place. Shopping here is a genuine joy. The environment is so positive and uplifting.,positive
Clothes Make Me Feel Confident. The cuts are so flattering. I always feel my best when I'm wearing something from this store.,positive
Accurate Color Representation. The colors online are exactly what you receive. No unpleasant surprises!,positive
"Packaging is Eco-Conscious. My order arrived in recycled packaging, which I really appreciate. It shows they care about their footprint.",positive
"Activewear that Actually Works. Their yoga pants are supportive, opaque, and super stylish. I live in them.",positive
"Fantastic for All Ages. I shop here for myself, and my mom shops here for herself. We both always find things we love.",positive
They Remember Their Customers. The staff remembered my name and my style preferences on my second visit. Such a personal touch!,positive
"No Pilling on Sweaters. Even after multiple wears and washes, my sweaters from here look brand new. No fuzz in sight!",positive
A Community Feel. They host little events in the store sometimes. It feels more like a community hub than just a shop.,positive
Absolutely love this store! The staff was incredibly friendly and helped me find the perfect outfit.,positive
Amazing quality and such unique styles. I always get compliments on clothes I buy here.,positive
Great prices for the quality you get. I found so many amazing deals!,positive
The selection is fantastic. They have everything from casual basics to trendy statement pieces.,positive
My new favorite shop! The atmosphere is so welcoming and the displays are beautiful.,positive
The sales associate who helped me went above and beyond. Excellent customer service!,positive
I had to make a return and the process was surprisingly smooth and easy.,positive
"The fitting rooms are clean, spacious, and have great lighting.",positive
Finally found a store where the sizing is consistent and accurate.,positive
The fabrics feel so high-quality and durable. These clothes are made to last.,positive
"Checkout was super fast, even on a busy Saturday.",positive
I always find hidden gems here. It's my go-to for special occasions.,positive
"The store is so well-organized and clean, making it easy to browse.",positive
They have a great loyalty program. I feel like my business is actually valued.,positive
The styles are always on-trend but still wearable.,positive
I bought a dress for a wedding and it fit like a glove. No alterations needed!,positive
The music and general vibe in the store make shopping so much more enjoyable.,positive
"They have an excellent range of sizes, which I really appreciate.",positive
The accessories selection is top-notch. I found the perfect bag to match my shoes.,positive
Will 100% be back. I can't recommend this place enough!,positive
The quality is better than I expected! The fabric feels soft and comfy.,positive
Fits perfectly! I‚Äôm 5‚Äô5‚Äù and medium size is just right.,positive
Fast delivery and well-packed. Will definitely order again!,positive
Love how the color matches exactly what‚Äôs in the photo.,positive
The seller was very responsive and helpful. Highly recommend!,positive
I‚Äôve washed it twice and it still looks new. Great quality.,positive
My new favorite shirt! Stylish and affordable.,positive
The fabric is thick and not see-through at all.,positive
Worth every peso! It looks premium.,positive
Arrived earlier than expected. Thank you seller!,positive
The size guide is accurate. I ordered large and it fits perfectly.,positive
My friends asked where I got this ‚Äî super nice!,positive
"Looks just like the picture, no false advertising.",positive
Great deal for the price! I‚Äôm surprised at how nice it looks.,positive
Super comfy for daily wear.,positive
I bought this for my sister and she loves it!,positive
"Smooth transaction, item arrived in good condition.",positive
The stitching is neat and well-made.,positive
Definitely ordering more colors!,positive
Perfect for casual and office wear.,positive
The fabric feels breathable even in hot weather.,positive
Came with freebie ‚Äî thank you seller!,positive
Color doesn‚Äôt fade after washing.,positive
I didn‚Äôt expect it to look this good in person.,positive
Feels high quality and elegant when worn.,positive
I‚Äôm impressed! Looks like something from a boutique.,positive
Seller updated me every step of the way.,positive
"No weird smell, clean and well-packed.",positive
"Bought one for my mom, and now she wants another.",positive
I‚Äôm super happy with my purchase! Highly recommended shop.,positive
This is the worst store I have ever shopped at. My order is a month late and customer service keeps ignoring my emails.,negative
"The quality is absolutely terrible. The 'sweater' is a thin, scratchy piece of polyester that looks nothing like the photo. Complete scam.",negative
I received the wrong item and now they are telling me the item I actually ordered is out of stock. So frustrating! Never ordering again.,negative
Do not buy from here! The sizing is a joke. I ordered an 'L' and it fits like an 'XS'. I can't even get it on. What a waste of money.,negative
I tried to return an item that was clearly defective (it arrived with a hole!) and they are refusing to refund my money. This is theft.,negative
"The shipping cost is outrageous, and it still took three weeks to arrive. The box was crushed and the item inside was wrinkled beyond belief.",negative
"The color of the dress in person is a hideous, dull brown. The photo online showed a vibrant chestnut. This is false advertising.",negative
"After one single wash (following the instructions!), the shirt shrank two sizes and all the color bled out. It's completely unwearable.",negative
The 'leather' bag smells like toxic chemicals and plastic. It's clearly cheap pleather. I am so disappointed and feel totally ripped off.,negative
I'm still waiting for a refund for a return I sent back over a month ago. Their customer service just says 'it's processing.' Unacceptable.,negative
The button fell off my coat the second time I wore it. The stitching is coming undone everywhere. This is fast fashion at its worst.,negative
"This company floods my inbox with spam emails, but when I actually need help with an order, they are nowhere to be found. Terrible priorities.",negative
"The fit is so awkward. The waist is tiny but the hips are huge, and the material has zero stretch. It's designed for a mannequin, not a person.",negative
I paid extra for express shipping and my package still hasn't even been sent out a week later. I needed this for an event. So angry.,negative
The website is a buggy mess. It charged my card twice for one order and it took three days and a call to my bank to get it fixed.,negative
This store is way too overpriced for the quality you get. You can find the exact same items on other sites for half the price.,negative
"The material is so thin it's completely see-through. I can't wear this blouse anywhere without a tank top underneath, which ruins the look.",negative
I wish I had read the reviews before buying. This company is notorious for its terrible return policy. They make it impossible to get your money back.,negative
The 'final sale' policy is a scam. They put defective items on final sale so you can't return them. Avoid at all costs.,negative
My package arrived looking like it had been run over. The box was open and the delivery driver just left it in the rain. Horrible experience.,negative
"The pants I received had a broken zipper. How does that even get past quality control? Oh wait, they clearly don't have one.",negative
This store constantly has 'sales' that are just inflated original prices. Don't fall for their manipulative marketing tactics.,negative
The cut of this t-shirt is so boxy and unflattering. It looks like a potato sack on me. Definitely not worth the $50 I paid for it.,negative
"I ordered a set and only received the top. Customer service is arguing with me that the bottoms weren't included, even though the picture shows both.",negative
This brand is terrible for petite people. Everything is way too long and comically oversized. They need to get their sizing in order.,negative
The wool sweater is so itchy I can't even wear it for five minutes. It's unwearable. A complete waste of money.,negative
I tried to cancel my order 10 minutes after placing it and they said it was 'already processed' and couldn't be stopped. Now I have to pay to return it.,negative
The photos on the website are so air-brushed and pinned on the models. The clothes look nothing like that in real life. It's incredibly deceptive.,negative
I will never shop here again. They sent me a used item! It had deodorant stains on it. I am absolutely disgusted.,negative
The 'customer support' is just an automated bot that sends you in circles. It's impossible to speak to an actual human being.,negative
"The jeans have a horrible chemical smell that won't come out, even after multiple washes. I don't even want this in my house.",negative
"The jacket is falling apart. Seams are ripping, the lining is torn, and I've only had it for a few weeks. Don't waste your money on this garbage.",negative
"Their inventory system is a joke. I ordered something, got a confirmation email, and then a week later they tell me it's been out of stock for months.",negative
This store charges a 'restocking fee' for returns. What a greedy and anti-consumer practice. I will be taking my business elsewhere.,negative
"The shoes gave me horrible blisters after just one short walk. They are stiff, poorly designed, and made from cheap, unforgiving material.",negative
"The online size guide is completely wrong. I measured myself and ordered based on their chart, and the item is at least two sizes too big.",negative
I bought a 'silk' dress and the tag says 100% polyester. This is illegal and completely fraudulent. I am reporting them.,negative
"This store is a massive disappointment. I used to love shopping here, but the quality has fallen off a cliff while the prices have skyrocketed.",negative
My order was stolen and the company refuses to help. They just told me to file a police report. They have zero accountability.,negative
The seams on this shirt are so crooked and uneven. It looks like it was made in a hurry by someone who has never sewn before. Just awful.,negative
The fabric feels like sandpaper on my skin. It's the most uncomfortable thing I've ever worn.,negative
They sent me two left shoes. How does that even happen?,negative
The zipper broke the first time I tried to put the dress on. Absolute garbage quality.,negative
Their tracking number didn't even work. I had no idea where my package was for weeks.,negative
This company deletes negative reviews on their website. So dishonest.,negative
The shirt came with makeup stains on the collar. Clearly a return they resold without checking.,negative
"Every time I contact support, they just copy-paste the same response. It's infuriating.",negative
The sweater arrived with a weird oily stain on the sleeve. Totally ruined.,negative
The dress was so wrinkled it looked like it had been shoved in a ball for months.,negative
The sizing is inconsistent across every product. Nothing fits the same.,negative
The fabric is so cheap that threads started coming loose as soon as I tried it on.,negative
They double charged me and took weeks to refund the extra amount.,negative
The jacket has loose threads everywhere and feels like it's going to fall apart.,negative
They sent me the wrong size and then refused to cover the return shipping.,negative
The color faded dramatically after just one wash. It looks like I've owned it for years already.,negative
Their app crashed multiple times during checkout and charged me twice.,negative
The shoes squeak so loudly when I walk that it's embarrassing.,negative
The skirt I received had a big tear right in the middle seam. How did this pass inspection?,negative
I got a shirt with one sleeve longer than the other. It's laughably bad.,negative
The print started peeling off after the first wash. Total waste of money.,negative
Their return process is so complicated it feels like they're trying to make you give up.,negative
My order was split into three shipments without warning and arrived weeks apart.,negative
They refused to price match even though I showed them their own sale price.,negative
The fabric has a horrible chemical smell that gave me a headache.,negative
The tag says 'hand wash only' but their website said machine washable. Misinformation everywhere.,negative
I received someone else's order entirely. None of the items were mine.,negative
The package came without any protection. Everything inside was damaged.,negative
The sizing chart must be a joke. Nothing I ordered fits even remotely right.,negative
They charged me for expedited shipping but sent it standard anyway.,negative
Customer service hung up on me when I asked for a refund.,negative
The top started unraveling at the seams the second time I wore it.,negative
Their advertised 'free returns' comes with hidden fees. Total scam.,negative
The hoodie I bought started pilling after just one wear.,negative
They keep changing the delivery date every time I check. It's never accurate.,negative
The jeans stretched out so much after one wear they look baggy and sloppy now.,negative
I emailed them five times and never got a single response.,negative
The clothes look completely different in person than on their website. Total bait and switch.,negative
The belt snapped while I was wearing it. Embarrassing and cheap.,negative
The lining of the coat isn't even sewn in properly. It bunches up horribly.,negative
Their packaging smelled like mildew when it arrived. Gross.,negative
They lost my return package and are refusing to give me a refund.,negative
The material is so flimsy I'm afraid it will rip every time I move.,negative
The shoes fell apart after just one week of use. Glue everywhere.,negative
The dress is completely see-through despite being labeled 'lined'.,negative
They overcharged me on shipping and won't correct the mistake.,negative
The product photos must be heavily edited because what I got is unrecognizable.,negative
They sent me a pair of pants with one leg shorter than the other.,negative
The elastic waistband on these pants snapped after one wear.,negative
I ordered black jeans and received bright blue ones. Total incompetence.,negative
The customer support number just leads to a voicemail box that‚Äôs always full.,negative
The sweater came with a strong perfume smell like someone wore it before.,negative
The stitching on the pockets ripped open the first time I used them.,negative
"I waited over a month for my order, and it still arrived incomplete.",negative
This brand is not worth the hype. Everything about my experience was disappointing.,negative
Their system charged me for an item that was out of stock and they never refunded me until I filed a dispute.,negative
The shirt shrank unevenly after washing. One sleeve is now shorter than the other.,negative
Their sizing is so off I honestly think they just guess at the measurements.,negative
This was my first order and it will definitely be my last.,negative
"The shirt came with loose threads everywhere, like it was never finished properly.",negative
Their email support promised a solution but then completely ghosted me. I had to dispute the charge with my bank.,negative
Very disappointed. The item I received doesn‚Äôt look like the photo at all. The fabric is thin and see-through.,negative
Not happy with my purchase. Wrong size delivered even though I double-checked the chart.,negative
The stitching came undone after just one wash. Poor quality for the price.,negative
"Color is totally different from the one in the picture. I ordered beige, but it looks more like gray.",negative
Item arrived late and packaging was damaged. The shirt even had a small tear.,negative
Too small! I ordered large but it fits like a small. Not true to size at all.,negative
Material feels cheap and itchy on the skin. Definitely not what I expected.,negative
Terrible experience. The seller didn‚Äôt respond to my messages when I asked for an exchange.,negative
"Fabric is rough and uncomfortable. Also, it shrank after washing.",negative
Do not buy! It looks nothing like the pictures ‚Äî very poor quality. I regret this purchase.,negative
The color faded after just one wash. I‚Äôm so disappointed with this product.,negative
I received the wrong item and the seller didn‚Äôt offer any proper solution.,negative
Buttons fell off on the first use. Clearly not made with care.,negative
Arrived with stains on it. Quality control is terrible.,negative
The size chart is inaccurate. I followed the guide but it still didn‚Äôt fit.,negative
Threads were sticking out everywhere. Looks cheap and poorly made.,negative
I waited two weeks for this and it‚Äôs not worth it at all.,negative
"Photo looked classy, but the actual item is totally different. Waste of money.",negative
Customer service was unhelpful when I requested a refund.,negative
Feels very low quality and uncomfortable. Would not recommend to anyone.,negative
"Sizing is All Over the Place. Bought three items in my usual size, and none of them fit. One was huge, one was too small.",negative
"Poor Quality Fabric. The shirt I ordered looked cute online, but in person, the fabric is cheap, thin, and see-through.",negative
Rude Staff. The sales assistant rolled her eyes when I asked to try on a second size. I felt like I was bothering her.,negative
Nightmare Return Process. Tried to return an unworn item with tags. They charged a 'restocking fee' plus I had to pay for return shipping.,negative
Clothes Look Nothing Like the Photos. The color was completely different‚Äîmore of a dull gray than the vibrant blue shown online.,negative
"Everything is for 20-Somethings. As a woman in her 40s, I found nothing in this store that was age-appropriate.",negative
Fell Apart After One Wear. The seam on the dress ripped the first time I wore it out to dinner. Embarrassing and disappointing.,negative
"Extremely Slow Shipping. It took over three weeks for my order to arrive, with no communication about the delay.",negative
"Messy and Disorganized Store. The store was a mess. Clothes were falling off hangers, fitting rooms were full of discarded items.",negative
"Constantly Out of Stock. Every time I find something I like online, it's out of stock in my size. They never seem to restock popular items.",negative
"Uncomfortable Materials. The fabric on this dress was so scratchy and irritating, I couldn't wear it for more than an hour.",negative
Misleading Product Descriptions. The item was listed as 'wool blend' but it was less than 5% wool. Felt completely synthetic.,negative
Aggressive Sales Tactics. The staff wouldn't leave me alone to browse. They were pushing sales from the moment I walked in.,negative
Damaged Item Received. The jacket arrived with a noticeable pull in the fabric and a broken zipper. Quality control is non-existent.,negative
"No Fitting Rooms. Due to 'company policy,' the fitting rooms were closed. How am I supposed to know if anything fits?",negative
Overpriced for the Quality. This is fast fashion quality with a luxury price tag. I feel completely ripped off.,negative
Horrible Odor on Clothes. The items I received smelled strongly of cheap perfume and chemicals. I had to wash them three times.,negative
Excessive Packaging. My single t-shirt arrived in a huge box filled with non-recyclable plastic. So wasteful.,negative
Automatic Newsletter Sign-Up. I was automatically signed up for a daily newsletter without my consent. Very spammy.,negative
"Inconsistent Items. I bought the same shirt in two different colors, and they fit completely differently. Zero consistency.",negative
"Cheap, Scratchy Zippers. The zippers on their jeans and dresses feel like they'll break any second. So poorly made.",negative
No Customer Service Response. I've emailed three times about a missing item from my order and have received no reply.,negative
"Items Marked 'Final Sale' That Shouldn't Be. Basic, non-sale items were marked as final sale, making returns impossible.",negative
Pilling After First Wash. My new sweater was covered in pills after one gentle cycle in the washing machine.,negative
Wrong Item Shipped. I ordered a dress and received a completely different top. Now I have to deal with the hassle of a return.,negative
Stains on New Clothing. The brand new white blouse had a faint yellow stain on the collar. Disgusting.,negative
Website Crashed During Checkout. Lost the items in my cart during a flash sale because the site couldn't handle the traffic.,negative
"Limited Payment Options. They didn't accept my preferred payment method, which was a major inconvenience.",negative
Clothes Are Unflattering Cuts. The proportions on their dresses are just strange. Nothing hung right on my body.,negative
Store was Overheated. The temperature in the store was so hot and stuffy it was unbearable to try on clothes.,negative
Terrible quality. The sweater I bought pilled after just one wear.,negative
The staff was so rude. I asked for help and was completely ignored.,negative
Way too overpriced for what you get. The materials feel cheap.,negative
The store was a complete mess. Clothes were all over the floor and racks were disorganized.,negative
Horrible selection. Everything looked dated and uninspired.,negative
I could not find my size in *anything*. It seems like they only cater to one body type.,negative
Their return policy is a nightmare. They make it impossible to get your money back.,negative
Longest checkout line ever. They only had one cashier working during a rush.,negative
"A sales associate was so pushy, trying to get me to buy things I didn't even like.",negative
The lighting in the fitting rooms is awful. You can't tell what anything actually looks like.,negative
"The item rang up for a different price than what was on the tag, and they wouldn't honor it.",negative
I washed a shirt exactly as the label said and it shrank two sizes.,negative
The music was painfully loud. I just wanted to get out of there as fast as possible.,negative
The store smelled strange and felt dirty.,negative
I placed an online order for pickup and they canceled it without explanation.,negative
"There's just nothing special here. It's the same stuff you see everywhere else, but more expensive.",negative
The seams on the pants I bought started unraveling after two weeks.,negative
No one was available to open a fitting room for me. I waited 10 minutes and then left.,negative
The layout is really confusing and cramped.,negative
I wouldn't waste your time or money here. Go somewhere else.,negative
The fabric is too thin and see-through.,negative
Doesn‚Äôt look like the picture at all.,negative
Very disappointed ‚Äî wrong size sent.,negative
The stitching came loose after one wash.,negative
The material feels cheap.,negative
The color is completely different from the photo.,negative
Took almost a month to arrive.,negative
Item arrived with stains.,negative
I ordered medium but got extra small.,negative
Poor quality for the price.,negative
The shirt shrank after washing once.,negative
Buttons fell off the first day I wore it.,negative
Packaging was bad ‚Äî the item got wrinkled.,negative
The sizing chart is inaccurate.,negative
The cloth smells weird even after washing.,negative
Seller didn‚Äôt respond to my messages.,negative
Not worth the money.,negative
The fabric is itchy and uncomfortable.,negative
Threads sticking out everywhere.,negative
Looks nice online but very different in person.,negative
The print faded quickly.,negative
Didn‚Äôt receive the color I ordered.,negative
The fit is awkward and unflattering.,negative
Delivery was delayed without notice.,negative
Poor customer service.,negative
I regret buying this.,negative
Very low-quality material ‚Äî feels like paper.,negative
Zipper broke after a few uses.,negative
"The label says one size, but it‚Äôs too small.",negative
Will not order from this shop again.,negative
"The dress is nice, but the color is much darker than the picture. I was expecting a light beige, but it's more of a tan. I'll still keep it.",neutral
"The quality of the t-shirt is okay for the price. Not amazing, but not bad either. It's a decent basic for everyday wear.",neutral
"Shipping took a lot longer than I expected, almost three weeks. The item itself is fine, but I won't order again if I need something quickly.",neutral
"I had to return the pants because the fit was weird on me, but the return process was fairly easy. So, a mixed experience.",neutral
"The sweater is very soft, but it's also very thin. I'll have to wear something underneath it, which I wasn't planning on. It's just okay.",neutral
"I bought this on final sale, so I can't return it. It's a little tighter than I'd like, but the quality seems good. I just wish the sizing was more consistent.",neutral
"The item is as described. Nothing special, but it serves its purpose. It's a plain black skirt, hard to get wrong.",neutral
"I like the style of the jacket, but the zipper gets stuck constantly. It's annoying, but not a deal-breaker for me. I'll probably keep it.",neutral
"Customer service responded, but it took them four days to get back to my initial email. They did solve my problem, but the wait was not ideal.",neutral
"The material is a bit scratchier than I expected, but it looks nice on. I'm hoping it will soften up after a few washes.",neutral
"I have to pay for my own return shipping, which is a bummer. The shirt just didn't look right on me. The quality was fine, though.",neutral
"The shirt is fine. It's not something I'm excited about, but I'll wear it. It just looks a bit average. Fit is true to size.",neutral
"The pants are very comfortable, but they are also very long. I'm 5'5 and I'll definitely need to get them hemmed. A bit of an extra hassle.",neutral
"I ordered three items, and two of them are great. The third one, a blouse, has a very strange fit and I'll be returning it. So, 2 out of 3 isn't bad.",neutral
The package arrived on time and the item is as described. It just didn't wow me. It's an average product from an average store.,neutral
"The shoes are very stylish, but they aren't very comfortable. I can only wear them for a couple of hours. Good for an event, but not for all-day wear.",neutral
"The price was a bit high for what it is. It's a nice top, but I'm not sure it's worth $80. I'm on the fence about keeping it.",neutral
"The color was beautiful, but the material wrinkles if you just look at it. It's going to be very high-maintenance to keep it looking nice.",neutral
"I like the shirt, but it is hand-wash only, which I didn‚Äôt realise when I bought it. That's a bit inconvenient for a casual top.",neutral
"The fit is a bit boxy. I was hoping for something more fitted, but it's comfortable. I'll probably just wear it around the house.",neutral
"The 'white' t-shirt is definitely more of an off-white or cream color. It's fine, but it doesn't match the pure white sneakers I bought it for.",neutral
It's an okay dress. The fabric is a standard cotton-poly blend. It fits true to size. I have no strong feelings about it one way or the other.,neutral
"I got this on sale, and I'm glad I didn‚Äôt pay full price. The quality is just okay. It‚Äôs worth the sale price, but not a penny more.",neutral
"The pattern on the skirt is nice, but the elastic waistband feels a bit cheap. It's comfortable, but I wonder how long it will last.",neutral
"I'm not sure how I feel about this. The style is very trendy, so I worry it will look dated by next year. The quality is decent, though.",neutral
"It's fine. The order came, it was correct, the item fits. I just don't love it. It's a bit boring. But nothing is wrong with it.",neutral
"The sleeves on the sweater are a bit shorter than I'd like, they hit above my wrist bone. Otherwise, it's a nice, warm sweater.",neutral
"The buttons on the cardigan feel a bit loose, like they might fall off. The knit itself is soft. I might just reinforce the buttons myself.",neutral
"The website photos are a bit misleading. The top looked more structured online, but it's actually very flowy. It's not bad, just different from my expectation.",neutral
"This is my second time ordering. The first time was great, but this time shipping was very slow. The product itself is good, so I'm neutral.",neutral
"The pockets on these jeans are tiny. My phone doesn't fit. It's a common problem, but still annoying. The jeans themselves fit well.",neutral
"The material is 100% cotton, which is great, but it's also very stiff. I'm hoping it breaks in over time. For now, it's just okay.",neutral
"The website was a little hard to navigate, but I eventually found what I wanted. The checkout process was smooth. The item is fine.",neutral
"I like the dress, but I had to size up. The size chart seems to be off. Now that I have the right size, it's good.",neutral
"It's an average piece of clothing. It didn't shrink in the wash, which is a plus. It's not my favourite, but it's a useful item to have.",neutral
"The design is cute, but the fabric is thinner than I thought it would be. It will be okay for spring, but it's not warm enough for fall.",neutral
"I had a question for customer service and they used a generic, copy-pasted response. It answered my question, but it felt very impersonal.",neutral
"The shorts are a good length and the fit is okay. The 'dark wash' denim is much lighter than it appeared online. Not quite what I wanted, but fine.",neutral
"I bought a final sale item. It fits, and the quality is acceptable. I'm not thrilled with it, but for the price, I can't really complain.",neutral
"The belt is fine. The 'leather' is obviously fake, but it looks decent enough from a distance. You get what you pay for.",neutral
"The sandals are comfortable, but the straps are a bit loose. I might have to punch an extra hole to make them fit better.",neutral
"The hoodie is a good basic, but it's not as soft as I hoped. It's fine for casual wear.",neutral
"The skirt fits well, but the waistband rolls down sometimes. Not a dealbreaker, just slightly annoying.",neutral
"The pattern is unique, but the fabric feels a bit cheap. I‚Äôll still wear it occasionally.",neutral
"The hat I ordered arrived slightly squished, but it reshaped after a while. Not a big issue.",neutral
"The tote bag is sturdy, but the straps are shorter than I expected. It's okay for light use.",neutral
"The coat is warm, but the buttons feel flimsy. I‚Äôll probably reinforce them myself.",neutral
"The socks are fine. Nothing special, but they do the job.",neutral
"I ordered a scarf and it's exactly like the photo. It's not super soft, but it's decent quality.",neutral
"The jumpsuit fits well overall, but it's a bit tricky to get on and off. Something to keep in mind.",neutral
"The color of the jacket is nice, but it's not as bright as the website showed. Still wearable.",neutral
"The shirt looks good but feels average. I don‚Äôt love it, but I don‚Äôt hate it either.",neutral
"The jeans are okay, but the zipper feels a little cheap. Hopefully it lasts.",neutral
"The cardigan has a nice design, but the fabric pills a bit after the first wash.",neutral
"The dress fits fine, but the length is awkward on me. I might alter it.",neutral
"The bag is functional, but it‚Äôs smaller than expected. I‚Äôll still use it for short trips.",neutral
The blouse is nice but a bit see-through. I‚Äôll need to wear a camisole underneath.,neutral
"The beanie is warm, but it sheds a bit of lint. It's alright for winter.",neutral
"The blazer fits well, but it came a little wrinkled. A quick steam fixed it.",neutral
The fabric on the pants feels a bit stiff out of the package. Hopefully it softens after washing.,neutral
"The neckline is a little higher than I prefer, but the shirt still looks fine.",neutral
The gloves are okay quality. They work but aren't particularly warm.,neutral
"The boots are stylish, but the soles are slippery. I‚Äôll add grip pads.",neutral
"The pajamas are comfy, but the print faded a bit after one wash.",neutral
The sweater fits nicely but the sleeves are slightly itchy. I can wear a layer underneath.,neutral
"The dress is fine, but it‚Äôs not as flattering on me as I hoped.",neutral
"The color of the blouse is different under natural light, but still pretty.",neutral
"The socks are slightly thin, but they‚Äôll work for layering.",neutral
"The jacket is decent for the price, but the lining isn‚Äôt very thick.",neutral
The tank top is a bit sheer but perfect for layering.,neutral
The shirt is okay but wrinkles easily. I‚Äôll just iron it more often.,neutral
"The material feels average, not super soft but not rough either.",neutral
"The shoes fit, but they‚Äôre a bit stiff at the heel. They might break in over time.",neutral
"The pants have a nice cut, but the fabric attracts lint. I‚Äôll need to use a roller often.",neutral
"The coat is good overall, but the pockets are shallow.",neutral
The beanie fits well but is a bit tight at the band. It should stretch out with wear.,neutral
"The t-shirt is exactly as expected. Nothing more, nothing less.",neutral
"The necklace looks nice, but the clasp is a little fiddly.",neutral
"The skirt drapes well, but it wrinkles easily when sitting.",neutral
"The hoodie is fine, but the drawstrings are uneven lengths. Minor issue.",neutral
"The shorts are comfy, but they ride up slightly when walking.",neutral
"The sweater is okay, but the shade is slightly different from what I pictured.",neutral
"The dress is cute, but the belt it came with feels cheap.",neutral
"The shoes are decent for the price, but they scuff easily.",neutral
"The bag has a nice design, but the zipper sticks occasionally.",neutral
"The t-shirt fits fine, but it stretched a little after washing.",neutral
"The blouse is fine overall, but the sleeves are slightly too long.",neutral
"The jacket fits well, but it's not as warm as I expected.",neutral
The scarf is soft but sheds a little bit of fuzz.,neutral
"The pants are practical, but the fabric makes a swishing noise when walking.",neutral
"The socks are okay. Not thick, not thin. Just standard.",neutral
"The gloves fit, but the touchscreen tips are only somewhat accurate.",neutral
"The belt buckle feels a bit light, but it functions fine.",neutral
"The hoodie is comfy, but the pocket is slightly uneven. Not a big deal.",neutral
The sweater is decent but the neckline is a bit looser than I prefer.,neutral
The dress fits well but the straps are a little long. I might adjust them.,neutral
"The t-shirt is okay, but the print looks slightly faded compared to the picture.",neutral
"The packaging was simple and nothing special. The item inside was fine, though.",neutral
"The hoodie fits well, but the drawstrings are uneven. Not a big deal, just a little sloppy.",neutral
"I like the pattern, but the fabric is a bit stiffer than I expected. It might soften after washing.",neutral
It‚Äôs okay. Not the best quality but still wearable. You get what you pay for.,neutral
"Average quality. Color is nice though, and shipping was on time.",neutral
The fit is fine but the material feels a bit different from what I expected.,neutral
"It arrived on time, but the packaging was a bit messy. The shirt itself is okay.",neutral
The design looks good but the fabric could be softer.,neutral
"Not bad, not great either. It‚Äôs decent for casual use.",neutral
"Sizing is a bit off but manageable. The fabric isn‚Äôt the softest, but it‚Äôs okay for the price.",neutral
"It looks nice on photos, but in person, it‚Äôs just simple. Still acceptable for daily wear.",neutral
"Quality is fair. It‚Äôs a bit thin, but okay if you‚Äôre not expecting too much.",neutral
"Neutral experience. Nothing special, but not terrible either. Might buy again if it goes on sale.",neutral
Fit was slightly off but still wearable. Delivery was okay.,neutral
"It‚Äôs fine for the price, though I‚Äôve bought better ones elsewhere.",neutral
"Looks just like the photo, but I expected thicker fabric.",neutral
"Color was slightly lighter than shown, but still looks good.",neutral
The packaging was plain but the product was okay.,neutral
"Mediocre quality. Works for casual outings, but not for formal wear.",neutral
"I expected a bit more based on reviews, but it‚Äôs decent enough.",neutral
"Delivery took a bit longer than usual, but product is okay.",neutral
"It‚Äôs wearable and comfortable, but nothing exceptional.",neutral
Overall acceptable quality for its price range.,neutral
"It's Okay. The clothes are fine. Nothing special, but not terrible either. The t-shirt I bought is comfortable but shrank a bit.",neutral
"Good for Certain Items. I like their selection of casual knitwear, but their formal wear is lacking. I'd come back for a sweater.",neutral
"Hit or Miss. I've ordered from here a few times. Some items have been great, others have been duds. You have to be selective.",neutral
"Prices are a Bit High. The quality is decent, but I'm not sure it fully justifies the price point. I'd be more likely to shop here on sale.",neutral
"Standard Shopping Experience. There's nothing particularly wrong with this shop, but there's nothing that makes it stand out either.",neutral
"Sizing Ran a Little Small. The dress I ordered was nice, but I should have sized up. The material has no stretch.",neutral
"Nice Designs, Average Execution. I really like the aesthetic of this brand. However, the actual construction of the garments feels just average.",neutral
"Fast Shipping, Average Product. I was impressed with how quickly my order arrived. The item itself was just as I expected‚Äînothing amazing.",neutral
Fine for a One-Time Purchase. I bought a coat here for a specific trip. It kept me warm and looked fine. I probably won't become a regular.,neutral
In-Store and Online Differ. The store has a limited selection compared to the website. The experience was neutral.,neutral
"Does the Job. I needed a basic black blazer and this one works. It's not remarkable in any way, but it serves its purpose.",neutral
"Average Quality. For the price, I expected a bit better stitching and fabric. It's acceptable, but I've had better from other brands.",neutral
"Fair for the Price on Sale. I bought this item at a 40% discount. At that price, it was a fair deal. I wouldn't have paid full price for it.",neutral
"Not My Style, But Well-Made. The clothing wasn't really to my personal taste, but I could see the construction was decent.",neutral
"Convenient Location. The store is in a mall near my house, so it's convenient to pop into. I sometimes find something, sometimes don't.",neutral
"Standard Return Policy. Their return policy is pretty standard‚Äî30 days with tags. Nothing great, nothing terrible.",neutral
"Photos are Accurate. The item looked exactly like the picture online, which was good. The material was just a bit thinner than I hoped.",neutral
Adequate Customer Service. I called with a question and was on hold for a while. The rep was polite and answered my question. It was fine.,neutral
Basic Selection. They have all the essential items you'd expect. It's a good place to start if you're building a wardrobe from scratch.,neutral
Unmemorable. I visited the store a week ago and I'm struggling to remember anything specific about it. It was just a clothing store.,neutral
Online Filters Work Well. The website's filter system is effective for narrowing down choices. The products themselves were average.,neutral
No Strong Feelings. I neither loved nor hated my shopping experience. It was entirely forgettable.,neutral
"Good for Gifts If You Know Their Size. It's a safe bet for a gift for someone whose style you know, but the sizing can be tricky.",neutral
"Material Was Heavier Than Expected. The jacket was well-made, but the material was thicker and less flexible than I wanted.",neutral
"Met Expectations, Nothing More. The product was exactly as described. It didn't exceed my expectations, but it didn't disappoint either.",neutral
"Store was Average. It was clean and the clothes were organized. It didn't have a great atmosphere, but it wasn't unpleasant.",neutral
Shipping was as Promised. The item arrived within the estimated delivery window. The product was okay.,neutral
"Mixed Order. I bought two items. One was a perfect fit, the other was awkward. My overall impression is neutral.",neutral
"Reasonable for Basics. If you need a simple, plain t-shirt or a standard pair of socks, this place is reasonable.",neutral
"Would Consider Shopping Here Again. I didn't find what I needed this time, but I wouldn't rule out checking their stock in the future.",neutral
It's a clothing store. It has clothes. Nothing special.,neutral
The prices are pretty average for this area.,neutral
Selection is decent. I found one shirt I liked.,neutral
"The staff was fine. Not overly friendly, but not rude.",neutral
"Quality seems to be hit or miss. Some items feel nice, others feel cheap.",neutral
"The store was a bit crowded, but it was a weekend.",neutral
"The fitting rooms were okay. A bit small, but clean enough.",neutral
It's just your standard mall clothing shop.,neutral
"They had my size in some things, but not in others.",neutral
Checkout was quick enough. No complaints there.,neutral
"I might come back if I was in the area, but I wouldn't make a special trip.",neutral
The styles are pretty standard. Good for basics.,neutral
I went in to browse but didn't end up buying anything.,neutral
"Parking was a bit of a hassle, but that's the mall's fault.",neutral
It's exactly what you'd expect.,neutral
"The return policy is 14 days, which seems standard.",neutral
The music was audible.,neutral
"I've had better shopping experiences, but I've also had worse.",neutral
They have a mix of trendy and classic pieces.,neutral
An average store with average service and average prices.,neutral
"The item is okay ‚Äî not the best, not the worst.",neutral
It fits fine but the fabric could be softer.,neutral
The color is slightly off but still looks decent.,neutral
Delivery took a bit long but the product arrived safely.,neutral
The quality is average for the price.,neutral
"It‚Äôs wearable, though not as nice as in the photo.",neutral
"Got what I paid for, no surprises.",neutral
"Size runs a little small, but manageable.",neutral
"The fabric is a bit thin, but comfortable.",neutral
"Packaging was simple, nothing special.",neutral
"The style looks good, but the material feels cheap.",neutral
"Not bad, but wouldn‚Äôt order again.",neutral
The shirt is okay for casual wear.,neutral
Arrived a little late but item is complete.,neutral
"The fit is okay, just slightly tight on the sleeves.",neutral
The quality matches the price.,neutral
"Seller didn‚Äôt respond quickly, but item came fine.",neutral
Looks good but the sewing could be better.,neutral
Feels okay ‚Äî not really impressed though.,neutral
"A bit different from the photo, but still wearable.",neutral
The item is decent for its price range.,neutral
Size is a little bigger than expected.,neutral
"Got wrinkles when delivered, but okay after ironing.",neutral
"Design is fine, quality is average.",neutral
"Not exactly what I expected, but still okay.",neutral
"Delivery was on time, product quality just okay.",neutral
"It‚Äôs fine, but wouldn‚Äôt call it high quality.",neutral
Comfortable but not very stylish.,neutral
Product is acceptable for daily use.,neutral
The overall experience was okay ‚Äî nothing special.,neutral
